town,submarket_or_compound,listings,median_price,median_price_per_sqm,property_types
New Cairo City,5th Settlement Compounds,3688,12864000.0,69455.04664970314,6
New Cairo City,Unknown,514,13550000.0,72670.70008643043,6
Ras Al Hekma,Unknown,417,10278410.0,89473.68421052632,6
Hurghada,Unknown,386,3697305.5,53000.0,5
Sidi Abdel Rahman,Unknown,370,18000000.0,118846.36563876653,6
Madinaty,Unknown,340,7145882.0,57196.759259259255,4
Al Ain Al Sokhna,Unknown,340,7100000.0,65188.88888888889,6
6 October City,O West,269,10300000.0,67329.54545454546,5
Sheikh Zayed City,Zed Towers,228,8816000.0,73052.92828061385,2
New Cairo City,El Katameya Compounds,223,50000000.0,73125.0,5
Qesm Marsa Matrouh,Unknown,219,15000000.0,107142.85714285714,6
Mostakbal City - Future City,Sarai,205,6200000.0,39115.6462585034,5
Shorouk City,Al Burouj Compound,201,10000000.0,46651.6129032258,5
6 October City,The Crown,157,18500000.0,68750.0,5
Hurghada,Soma Bay,156,15600000.0,112143.7676028481,6
Qesm Ad Dabaah,Unknown,152,17178330.0,111993.76947040498,6
6 October City,Badya Palm Hills,151,6200000.0,48930.48128342246,4
6 October City,Palm Hills Golf Extension,147,27000000.0,82222.22222222222,5
New Cairo City,Bait Alwatan,144,4056000.0,24000.0,2
Hurghada,Magawish Resort,137,5984000.0,66362.63736263737,3
Sheikh Zayed City,Village West,137,7000000.0,57522.12389380531,4
Sheikh Zayed City,Vye Sodic,136,11400000.0,78760.71884692574,5
New Capital City,La Vista City,134,19000000.0,83344.7390932421,4
New Cairo City,90 Street,123,8136688.0,51500.0,5
New Capital City,Unknown,121,6160000.0,39257.142857142855,5
6 October City,Mountain View iCity October,119,5820000.0,41153.846153846156,4
New Heliopolis,Sodic East,118,14500000.0,65218.75,5
Sheikh Zayed City,The Estates,117,20000000.0,81818.18181818182,4
6 October City,New Giza,108,21500000.0,81892.69746646796,5
Hurghada,Makadi Orascom Resort,102,10000000.0,84140.37297861242,6
6 October City,Palm Parks   Palm Hills,102,9125000.0,59220.77922077922,4
Al Alamein,Unknown,101,3500000.0,50000.0,4
Mostakbal City - Future City,L'avenir,100,4167000.0,26717.557251908398,4
Sheikh Zayed City,Kayan,98,5290001.0,50000.0,4
Sheikh Zayed City,Allegria,95,37000000.0,114285.71428571429,4
Sheikh Zayed City,Unknown,95,5300000.0,31407.0351758794,4
Hurghada,Mangroovy Residence,88,13988347.0,111242.06349206349,6
Sheikh Zayed City,Solana,85,15000000.0,97315.43624161073,5
New Cairo City,Fifth Square,82,10500000.0,67615.6462585034,3
New Cairo City,Creek Town,82,8750000.0,65453.125,5
Sheikh Zayed City,Beverly Hills,80,9781200.0,45546.3015245624,5
Alexandria Compounds,Unknown,75,12000000.0,60000.0,4
Sheikh Zayed City,Belle Vie,73,24985000.0,93624.1610738255,4
Mostakbal City - Future City,Bloomfields,73,5400000.0,34000.0,5
New Cairo City,El Rehab Extension,69,8500000.0,58000.0,5
6 October City,Sun Capital,68,6793500.0,47815.126050420164,5
Hurghada,Veranda,67,7200000.0,98148.14814814815,3
Sheikh Zayed City,Al Khamayel city,67,5200000.0,34965.03496503497,3
6 October City,Palm Hills Golf Views,63,31000000.0,107142.85714285714,4
Sheikh Zayed City,Al  Rabwa,61,22000000.0,71601.94174757281,5
New Cairo City,Al Andalus Buildings,60,4200000.0,23078.947368421053,2
Sheikh Zayed City,Karmell,59,13800000.0,81967.2131147541,5
Sheikh Zayed City,Etapa,59,7000000.0,46822.66914498141,5
Sheikh Zayed City,AlKarma Kay,57,6000000.0,36637.93103448276,1
6 October City,Joulz,57,7300000.0,51334.7022587269,5
Sheikh Zayed City,Westown,57,19500000.0,76923.07692307692,5
New Cairo City,El Narges Buildings,57,5300000.0,30434.782608695652,3
New Cairo City,Cairo Festival City,55,19200000.0,111111.11111111111,5
Mostakbal City - Future City,Green Square,55,4800000.0,29302.325581395347,4
Sheikh Zayed City,Patio Al Zahraa,53,9000000.0,71025.44529262086,4
6 October City,Swan Lake West,53,18000000.0,82500.0,5
Hadayek El Ahram,Unknown,53,2280000.0,16200.0,3
Sheikh Zayed City,Zayed Dunes,52,7650000.0,44140.030441400304,3
Noor City,Unknown,50,12000000.0,56740.442655935614,3
Mostakbal City - Future City,HAP Town,50,6000000.0,35857.142857142855,4
6 October City,Grand Heights,48,11000000.0,46166.89383613509,4
Mohandessin,Unknown,48,7000000.0,35147.05882352941,2
6 October City,Unknown,46,3995000.0,29361.05476673428,5
6 October City,Tawny Hyde Park,45,7200000.0,83273.87739463602,4
New Heliopolis,Talala,44,5849996.0,39785.39589442815,3
6 October City,Palm Hills October,44,30000000.0,91038.96103896105,4
New Cairo City,Galleria Moon Valley,43,8485375.0,61538.46153846154,2
Al Alamein,Latin District,43,5797943.0,46268.65671641791,2
New Capital City,New Garden City,43,6600000.0,40322.58064516129,1
Shorouk City,El Patio,42,9150000.0,57456.94317330893,5
Al Ain Al Sokhna,La Vista 6,42,9450000.0,70000.0,4
6 October City,PX Palm Hills,42,9229561.0,78734.32479312993,3
El Nozha,Stoda,41,1500000.0,7572.463768115942,2
Mokattam,The Fourteen Golf Residences,41,18000000.0,99319.72789115646,5
Hurghada,Sahl Hasheesh Resort,41,7200000.0,98148.14814814815,2
Sheikh Zayed City,DeJoya Residence,39,7838208.0,72576.0,4
6 October City,Mountain View 4,39,16000000.0,80000.0,3
6 October City,Aeon,39,11000000.0,87155.9633027523,1
Al Alamein,Mazarine,38,11000000.0,70967.74193548386,5
Hurghada,One7 Residence,38,7634000.0,72600.0,2
Sheikh Zayed City,Hills of one,37,15300000.0,70507.44186046511,4
Dokki,Unknown,37,9500000.0,41284.40366972477,1
Sheikh Zayed City,Royal City,37,6832800.0,52173.913043478264,3
Sheikh Zayed City,Hadayek Al Mohandessin,36,6375000.0,40718.75,4
New Cairo City,90 Avenue,36,13275000.0,74583.33333333334,1
6 October City,Mountain View Chill Out Park,36,15370000.0,60845.831273685944,4
Hurghada,Cala,36,9033986.0,76429.87704918033,2
New Capital City,Al Maqsad,36,6250000.0,40071.99760996632,4
New Cairo City,North Lotus,35,5600000.0,28205.128205128207,2
Sheikh Zayed City,Lugar,34,6990362.0,51492.869875222816,3
Hurghada,Princess Resort,34,3656500.0,59000.0,1
Zamalek,Unknown,34,14500000.0,68627.45098039217,2
6 October City,Nyoum October,34,7000000.0,41044.77611940299,3
Sheikh Zayed City,Arkan Palm 205,34,10250000.0,72871.50837988827,1
Sheikh Zayed City,Terrace Compound,33,6250000.0,46056.281879194634,1
Hay El Maadi,Unknown,33,11500000.0,43478.260869565216,3
Sheikh Zayed City,Rivers,33,8000000.0,55527.5,5
Sheikh Zayed City,Naia West,32,12000000.0,71769.805033676,4
Sheikh Zayed City,MarVille New Zayed,32,10922500.0,66421.98795180723,1
6 October City,October Plaza,32,8000000.0,48500.386996904024,2
Sheikh Zayed City,V Levels,32,9863700.0,40902.442570514686,5
New Cairo City,South Lotus,31,5500000.0,32432.432432432433,2
New Cairo City,El Banafseg Apartment Buildings,31,7300000.0,34883.72093023256,2
New Cairo City,Bellagio,30,32500000.0,66427.4661508704,2
Sheikh Zayed City,Casa,30,12650000.0,64102.5641025641,2
New Cairo City,South Teseen St.,30,3400000.0,26461.53846153846,4
Sheikh Zayed City,Lake West,29,10456000.0,43028.80658436214,4
Mostakbal City - Future City,Capital Gardens   Palm Hills,29,6000000.0,32738.095238095237,2
6 October City,Jannat October,29,2900000.0,20714.285714285714,1
6 October City,Garden Lakes,29,8100000.0,75700.93457943926,4
6 October City,Mountain View October Park,27,9000000.0,55749.128919860625,3
6 October City,Pyramids Hills,26,7000000.0,36050.98605098605,3
Alexandria Compounds,Waterfront,26,9715500.0,61850.0,2
Sheikh Zayed City,The Address,26,6500000.0,57027.93372586608,1
Sheikh Zayed City,Sodic West,25,6400000.0,38357.64705882353,4
Sheikh Zayed City,The Courtyards,25,16000000.0,91447.36842105263,2
New Cairo City,Hyde Park Central,25,12000000.0,91509.43396226416,4
6 October City,Palm Hills WoodVille,25,21000000.0,77037.03703703704,3
Sheikh Zayed City,Janna 2,25,4900000.0,35714.28571428572,1
Sheikh Zayed City,Green Revolution,24,5481500.0,36637.93103448276,2
Mostakbal City - Future City,Croons Sarai,24,6100000.0,41877.34544736322,3
Sheikh Zayed City,Alma,24,17000000.0,69288.38951310862,3
Hay El Maadi,Cornish El Nile St.,24,8250000.0,51759.259259259255,2
Badr City,Unknown,24,1450000.0,12041.666666666668,1
Sheikh Zayed City,Westview Residence,23,6100000.0,52019.24,1
Sheikh Zayed City,Atrio,23,15750000.0,66176.4705882353,4
Hurghada,Atalantis,23,4629500.0,50100.0,2
Hurghada,Swan Lake Gouna,23,18100000.0,140307.50819672132,6
Hurghada,Storia Del Mare,23,6633072.0,100000.0,2
New Capital City,IL Bosco,22,6000000.0,38357.28120978121,3
Hay Sharq,Unknown,22,5700000.0,31660.23166023166,1
6 October City,Rock Eden,22,4999999.5,30629.815705128203,2
Al Alamein,The Gate Towers,22,11575000.0,100387.59689922481,2
6 October City,One33,22,6972500.0,52020.81118881119,3
New Cairo City,Palm Hills Village Gate,21,7600000.0,59659.09090909091,3
Sheikh Zayed City,Royal Meadows,21,7500000.0,39062.5,4
6 October City,Keeva,21,6800000.0,42713.56783919598,3
6 October City,Joya,20,6550000.0,21749.50471698113,4
Shorouk City,Maadi View,20,5663330.0,36369.98746867168,4
Sheikh Zayed City,Jirian,20,14300000.0,97842.1052631579,4
New Capital City,Jade Park,20,7732500.0,46296.81021254367,3
New Cairo City,Regents Park,20,11900000.0,83333.33333333333,1
Mokattam,Levana,20,44382500.0,113482.8629032258,4
New Cairo City,El Koronfel,19,5200000.0,30000.0,4
Sheikh Zayed City,Karma Residence,19,5150000.0,29062.5,4
Mokattam,Unknown,19,3045000.0,20451.612903225807,2
6 October City,Upville,19,6500000.0,43367.34693877551,4
Sidi Heneish,Unknown,18,12780000.0,116450.21645021645,3
6 October City,Pyramids Heights,18,6000000.0,47177.47894192404,3
New Cairo City,Stei8ht,18,27402000.0,70091.79265700483,4
Hurghada,Kamaran,18,14200000.0,139663.97849462365,5
Sheikh Zayed City,Tara,18,3700000.0,23275.497249259417,2
New Cairo City,Modon Golf Town,18,7450000.0,53285.486443381174,4
Mostakbal City - Future City,Cityzen,18,6300000.0,59047.619047619046,2
Mokattam,The Sierras,17,18000000.0,97333.33333333333,2
Qesm Ad Dabaah,La Vista Bay,17,15000000.0,78571.42857142857,3
Ring Road,Unknown,17,9500000.0,63333.333333333336,3
New Cairo City,Jiwar,17,5376036.0,44621.28712871287,3
Sheikh Zayed City,Cairo Gate,17,24000000.0,118347.18100890207,3
New Cairo City,Dyar Park,17,22000000.0,73076.92307692308,4
Shorouk City,Ivy Residence,16,11700000.0,50833.424470266575,4
Al Alamein,North Edge Towers,16,13992037.5,81349.05523255814,1
Hay Sharq,Muruj,16,6695500.0,43239.13043478261,1
New Cairo City,The Village,16,8500000.0,62960.426179604256,1
6 October City,Cleopatra Square,16,6450000.0,32413.07006814608,3
New Capital City,Scenario,16,5827500.0,29914.852277753205,1
6 October City,Palm Hills   Palm Valley,16,19885850.0,61250.0,3
Nasr City,Al Waha City,16,3550000.0,22586.95652173913,1
Sheikh Zayed City,Beverly Hills Road,16,13750000.0,47366.946778711485,5
6 October City,Soleya,16,12000000.0,42164.50216450216,4
Ras Sedr,Matarma Beach Residence,16,4933500.0,67493.1506849315,1
New Cairo City,Al Andalus El Gedida,15,4100000.0,24500.0,1
Sheikh Zayed City,Green Residence 1,15,6000000.0,31407.0351758794,2
New Cairo City,Swan Lake Katameya,15,130000000.0,144615.38461538462,1
Hay El Haram,El Mariouteya,15,1370000.0,12222.222222222223,1
Heliopolis - Masr El Gedida,Marriott Residence Heliopolis,14,7800000.0,80062.94471811713,1
Shorouk City,1st Neighborhood,14,3050000.0,17303.030303030304,2
Al Alamein,Marina 5,14,30000000.0,113738.73873873874,5
6 October City,New Uptown October,14,3347400.0,19117.647058823528,3
6 October City,Touristic Zone,14,6350000.0,38666.66666666667,1
New Cairo City,Galleria Residences,14,11000000.0,63944.444444444445,2
Sheikh Zayed City,Jeera,14,6600000.0,43593.75,3
Ras Al Hekma,Playa SeaShell,14,32871114.0,110046.9798657718,4
Hurghada,Ancient Sands Resort,14,29000000.0,170230.26315789472,5
Hurghada,Tuban Islands,14,23300000.0,140000.0,5
Sheikh Zayed City,Yasmine District,14,6104400.0,31122.456621004567,2
Shorouk City,Wesal City,14,5353500.0,28235.29411764706,3
Sheikh Zayed City,Via,13,4000000.0,23529.41176470588,2
New Capital City,Qamary,13,4700000.0,36564.298342541435,1
El Nozha,Masaken Sheraton,13,5500000.0,34888.88888888889,1
Hay Wasat,Unknown,13,6000000.0,33170.73170731707,1
6 October City,West Leaves,13,3775000.0,37142.857142857145,2
New Cairo City,Mohamed Naguib Axis,13,4600000.0,22500.0,2
Sheikh Zayed City,Zayed 2000,13,6000000.0,31407.0351758794,3
Sheikh Zayed City,Al Bostan St.,13,5400000.0,31407.0351758794,2
New Cairo City,North Teseen St.,13,52000000.0,94252.8735632184,2
New Cairo City,Park View,13,13500000.0,66502.46305418719,1
Hurghada,Red Hills by Enza,12,7436800.0,86679.50974109203,1
New Capital City,Midtown Sky,12,7824769.5,36504.27142857143,2
New Cairo City,North House,12,4156000.0,25121.11801242236,1
New Cairo City,La Nuova Vista,12,26950000.0,63421.926910299,2
Mostakbal City - Future City,Unknown,12,7465440.0,42962.00046200046,5
Nasr City,Landmark,12,2000000.0,25212.5,1
Sheikh Zayed City,Zayed Regency,12,5850000.0,30131.25,1
6 October City,Jedar,12,16500000.0,59801.4888337469,3
New Cairo City,District 5,12,7050000.0,31503.75939849624,2
Sheikh Zayed City,Cairo University Compound,12,4500000.0,24276.983520681002,1
Al Agouza,Unknown,12,5600000.0,29537.82794386821,1
Al Ain Al Sokhna,La Vista Gardens,12,8000000.0,71590.90909090909,2
New Capital City,Stau,12,3958000.0,25085.238095238095,1
6 October City,Bamboo Palm Hills,12,12145000.0,72683.58643644684,4
Sheikh Zayed City,Valea,12,6622000.0,45000.0,1
Sheikh Zayed City,U One,12,4975000.0,27146.028246230857,1
Mostakbal City - Future City,Neopolis   Wadi Degla,12,4362500.0,23550.98389982111,2
Sheikh Zayed City,Beit Al Watan,12,5640000.0,30000.0,2
6 October City,Evergreen,12,16000000.0,62745.098039215685,3
El Nozha,Aljar Sheraton,11,9226880.0,82320.0,1
New Capital City,Canyon 8,11,6712000.0,45046.97986577181,3
Sheikh Zayed City,Janna 1,11,5600000.0,42857.142857142855,1
6 October City,Bait Al Watan Al Takmely,11,4140000.0,20000.0,1
6 October City,NMQ,11,12220000.0,69565.21739130435,3
New Capital City,La Verde Casette,11,4065000.0,38714.28571428572,1
Sheikh Zayed City,Forty West,11,10000000.0,101744.18604651163,2
Sheikh Zayed City,Al Karma 4,11,6950000.0,39936.10223642173,3
New Cairo City,Area B,11,8500000.0,40000.0,2
6 October City,Ashgar City,11,4578000.0,36661.11111111111,1
Mostakbal City - Future City,Zizinia Al Mostakbal,11,4410000.0,36764.705882352944,1
New Cairo City,The Water Way,11,21000000.0,102941.17647058824,2
New Cairo City,Najm,11,6168600.0,45693.333333333336,1
Sheikh Zayed City,Green Residence 2,11,4650000.0,24489.79591836735,2
Mostakbal City - Future City,Beta Greens,11,5780000.0,45433.07086614173,1
Sheikh Zayed City,Coy,11,5000000.0,24489.79591836735,1
Sheikh Zayed City,La Colina,10,4575000.0,29573.674393818277,1
New Cairo City,New Lotus,10,6000000.0,28277.81269641735,2
Sheikh Zayed City,Bliss Gate,10,4300000.0,24744.897959183676,1
New Cairo City,Al Patio 1,10,30000000.0,56079.66457023061,3
New Capital City,Ray Residence,10,4898317.5,25416.97619047619,2
New Capital City,Armonia,10,5486000.0,32444.444444444445,1
New Capital City,Oia,10,9795750.0,51500.0,1
New Capital City,Bleu Vert,10,6025000.0,42901.17416829745,1
El Khalifa,Uptown Cairo Road,10,29500000.0,107309.74632843792,3
El Nozha,El Saaqah St.,10,6198400.0,35878.25210084034,2
New Obour City,Unknown,10,3153584.0,19860.28323699422,1
6 October City,Al Nawadi St,10,3271011.0,26203.515652356607,2
Mokattam,Aurora,10,16400000.0,90404.65046051638,1
Hurghada,La Gouna Resort,10,1772917.0,37367.53191489362,1
6 October City,Dream Land,9,5500000.0,34565.217391304344,3
Mokattam,Celesta Hills,9,53000000.0,129411.76470588235,3
Cairo Alexandria Desert Road,Unknown,9,11000000.0,41212.121212121216,4
6 October City,Garden Hills,9,3800000.0,26923.076923076922,1
Hurghada,Marine Sports Club,9,3276000.0,52000.0,1
Sheikh Zayed City,Green 3,9,6000000.0,28508.77192982456,2
Ras Sedr,Unknown,9,4850000.0,40416.666666666664,4
Hay Sharq,Kafr Abdo,9,6000000.0,41379.31034482759,1
6 October City,Kite Residence,9,5600000.0,38757.062146892655,1
Sheikh Zayed City,Key Of Greens,9,18123867.0,61856.20136518771,3
New Cairo City,La Terra,9,22000000.0,50000.0,4
New Cairo City,Villar,9,64000000.0,47689.28220255654,1
New Cairo City,Moon Valley,9,20000000.0,57142.857142857145,3
Shorouk City,Unknown,9,4750000.0,17894.736842105263,1
Sheikh Zayed City,Al Karma Gates,9,13000000.0,55319.14893617021,2
6 October City,Green 5,8,7500000.0,40116.84518013632,1
6 October City,Club Hills,8,8069360.5,47627.19298245614,3
Hay El Maadi,El Mearag City,8,4500000.0,29047.769693135084,1
Sheikh Zayed City,Zayed Crystals Park,8,16205000.0,117077.83164844234,4
Mokattam,Alba Spendia,8,69500000.0,171815.14510741318,1
6 October City,Degla Palms,8,1425000.0,22029.41176470588,1
Mokattam,Eleva,8,30000000.0,106259.60061443932,1
New Capital City,Midtown Condo,8,4809615.0,28175.822344322347,1
Al Alamein,Villar,8,4045000.0,55000.0,2
New Capital City,Celia,8,14826625.0,81776.37252083933,2
Heliopolis - Masr El Gedida,Unknown,8,8750000.0,41794.857142857145,3
Hurghada,Scandic Resort,8,6005009.5,84082.94141449683,2
6 October City,Hadaba,8,9000000.0,44407.89473684211,4
Sheikh Zayed City,Rovan,8,4575000.0,24009.603841536613,1
Shorouk City,4th Neighborhood,8,3197500.0,18255.102040816324,2
Sheikh Zayed City,Rawdat Zayed,8,4250000.0,24009.603841536613,1
Sheikh Zayed City,Novella,8,8000000.0,103903.11418685122,2
Al Alamein,Marina 8,8,4771000.0,39210.0,3
Hay Sharq,Al Geish Road,8,7900000.0,32858.29307568438,1
New Cairo City,Rehab City First Phase,8,14000000.0,83712.12121212122,4
New Cairo City,Al Gezira St.,8,4050000.0,22902.097902097903,2
New Cairo City,District 1,8,11500000.0,32916.66666666667,3
Al Ain Al Sokhna,Stella Di Mare 1,8,5500000.0,50227.27272727273,3
New Cairo City,Dyar,8,38500000.0,67487.78232730154,2
6 October City,Beit Alwatan,8,3975000.0,23382.352941176472,1
6 October City,Pyramids Walk,8,14250000.0,39808.743169398906,3
Mostakbal City - Future City,Mountain View Mostakbal City,7,7554960.0,62958.0,2
Sheikh Zayed City,Al Joman,7,6000000.0,33088.23529411765,2
6 October City,Al Patio,7,19500000.0,80000.0,2
New Capital City,Queen Land,7,4600000.0,36414.0,1
Hurghada,Sunrise Garden Beach Resort,7,6591020.0,72402.05128205128,1
New Capital City,El Patio Jade,7,870800.0,17416.0,2
6 October City,District 300,7,3600000.0,12500.0,2
New Capital City,il Mondo,7,5985000.0,28125.0,1
Sheikh Zayed City,The 8,7,14193300.0,44664.03162055336,3
6 October City,Ever,7,8150000.0,52243.58974358974,1
New Cairo City,Area G,7,7700000.0,33478.260869565216,2
Shorouk City,Aljar,7,6000000.0,47826.086956521736,1
Mostakbal City - Future City,Valda Village,7,7783000.0,49600.0,1
Sheikh Zayed City,Al Karma 1,7,5150000.0,24489.79591836735,2
Sheikh Zayed City,Al Nozha St.,7,5150000.0,31407.0351758794,1
Sheikh Zayed City,Al Mostathmir El Saghir,7,5000000.0,29411.764705882353,1
Nasr City,Capital East,7,2500000.0,22222.222222222223,1
Sheikh Zayed City,Genova,7,5150000.0,24489.79591836735,1
New Cairo City,Jadie Residence,7,4689960.0,45833.333333333336,1
New Cairo City,Al Patio 2,7,30500000.0,82191.78082191781,3
6 October City,Mountain View Giza Plateau,7,5000000.0,23809.52380952381,3
New Cairo City,El Patio Riva,7,9681000.0,76089.7435897436,2
6 October City,Mena Garden City,7,31000000.0,61011.90476190476,2
New Cairo City,Mirage City,7,60000000.0,103333.33333333333,3
Obour City,Al Mushir Abu Ghazaleh St.,7,5510000.0,29000.0,2
Hay El Maadi,Degla Square,7,6500000.0,35294.117647058825,2
Hurghada,Ras Soma,6,8400000.0,97113.50293542075,2
Hurghada,Tawila El Gouna,6,13100000.0,101428.57142857143,3
6 October City,BETA Residence,6,5340400.0,37614.52380952381,1
Mokattam,Alto,6,14400000.0,101515.01364877161,2
Hurghada,1st Avenue South side,6,4019500.0,57750.0,1
El Nozha,Rock Yard,6,4252000.0,43783.828382838285,1
Hurghada,Bali,6,11651020.0,106243.00323508267,3
6 October City,Elm,6,7294675.5,68270.83660869565,2
Marsa Alam,Unknown,6,6600000.0,55977.18797982014,3
Hay Sharq,Sky line,6,9350000.0,50000.0,2
Sheikh Zayed City,Al Nada,6,6125000.0,31797.2675879397,1
New Cairo City,Zomra East,6,16804000.0,92000.76923076923,4
New Capital City,Kardia,6,5223980.0,31959.125416123898,2
Ganoub El Giza,Al Nile  St.,6,13250000.0,65439.300036456436,1
Mostakbal City - Future City,East Vale,6,15300000.0,131126.82379349045,3
Mostakbal City - Future City,Scenes,6,17287500.0,98875.92137592137,3
New Cairo City,El Banafseg 12,6,7250000.0,38602.94117647059,2
Hay El Maadi,Zahraa Al Maadi St.,6,4180000.0,28751.544958286126,1
Sheikh Zayed City,Dar Misr,6,4350000.0,33461.53846153846,1
New Cairo City,Midtown,6,13600000.0,56726.00955275727,2
Al Alamein,Downtown,6,6134495.0,37950.892870846445,2
Al Alamein,Marina 1,6,7950000.0,71698.94366197183,2
New Cairo City,El Patio Vida,6,10550000.0,65714.28571428571,2
6 October City,West Somid Road,6,6700000.0,49057.01754385965,1
6 October City,Hood 10 Side St.,6,8075000.0,32725.694444444445,1
6 October City,Central St.,6,4675000.0,23270.20202020202,1
Hay El Maadi,Tabarak,6,10750000.0,40316.35802469136,2
New Cairo City,AiAngle City Mall,6,4392500.0,27004.901960784315,1
Mostakbal City - Future City,Park Central,6,19050000.0,102982.45614035087,4
6 October City,Hood 1 St.,6,10870600.0,41830.338680926914,2
Sheikh Zayed City,Al Karma 2,6,4575000.0,24009.603841536613,1
6 October City,Al Nasayem Village,5,18800000.0,61011.90476190476,3
New Capital City,Vinci,5,6000000.0,41666.666666666664,2
New Capital City,Rhodes,5,5400000.0,19244.18604651163,2
Hurghada,Cyan,5,36000000.0,205714.2857142857,3
Cairo - Ismailia Desert Road,Unknown,5,6400000.0,28750.0,1
Hay Sharq,Smouha Square,5,4500000.0,36000.0,1
Hurghada,Florenza Khamsin Resort,5,2876229.0,56994.63157894737,1
Mostakbal City - Future City,Aliva,5,7482500.0,49518.2,1
Sheikh Zayed City,Greens,5,4650000.0,29062.5,2
Hurghada,Al Hambra Waterfalls,5,2673000.0,49500.0,1
Hurghada,Ancient Hill,5,18500000.0,132142.85714285713,3
Hurghada,il Bayou,5,17000000.0,109267.47787610619,4
Hay Sharq,The One,5,9710000.0,75265.63475177305,2
New Cairo City,Rehab City Forth Phase,5,10500000.0,50420.16806722689,1
New Cairo City,Grand Lane,5,4500000.0,48920.86330935252,1
Hay Sharq,Abou Quer Road,5,9100000.0,40444.444444444445,1
6 October City,Porto October,5,11000000.0,42145.5938697318,2
New Cairo City,El Yasmeen 2,5,7499999.0,37499.995,1
New Cairo City,El Yasmeen 6,5,7900000.0,31746.031746031746,2
Sheikh Zayed City,Elysium,5,4700000.0,28455.28455284553,1
New Cairo City,El Yasmeen 8,5,7300000.0,34761.90476190476,2
Sheikh Zayed City,El Patio Vera,5,5000000.0,18145.16129032258,2
Sheikh Zayed City,Elite West,5,5150000.0,24489.79591836735,1
Sheikh Zayed City,Genista,5,5130000.0,38000.0,1
Obour City,Unknown,5,3098000.0,21571.428571428572,2
6 October City,Rayos,5,12500000.0,56818.181818181816,4
Sheikh Zayed City,Belva,5,5150000.0,24489.79591836735,1
Al Ain Al Sokhna,La Vista Ray,5,11000000.0,100000.0,1
Al Ain Al Sokhna,Mountain view Sokhna,5,8300000.0,66400.0,2
Al Ain Al Sokhna,Caribbean Bay,5,1700000.0,28333.333333333332,1
6 October City,West Gate,5,18000000.0,62937.06293706294,4
New Cairo City,Mostashareen,5,7500000.0,34615.38461538462,2
New Cairo City,Rayhan Villas,5,28880000.0,62782.608695652176,1
Nasr City,Unknown,5,5500000.0,26388.88888888889,1
Heliopolis - Masr El Gedida,Salah Salem St.,5,7250000.0,46474.35897435898,1
New Cairo City,Area C,5,8500000.0,42500.0,1
New Cairo City,Al Narges 2,5,8800000.0,39545.454545454544,2
Nasr City,Mostafa Al Nahas St.,5,5000000.0,30625.0,1
New Cairo City,Cairova,5,5705700.0,85106.3829787234,3
Sheikh Zayed City,Bahja,5,4000000.0,28888.88888888889,1
Mostakbal City - Future City,MonteNapoleone,5,12097078.0,62666.666666666664,3
Al Alamein,Marina 7,5,8000000.0,84000.0,1
Al Alamein,Palm Hills New Alamein,5,7000000.0,65420.56074766355,2
Sheikh Zayed City,Meadows Park,5,20000000.0,54794.520547945205,2
Sheikh Zayed City,Park Valley,5,5700000.0,28643.21608040201,2
Sheikh Zayed City,Opera City,5,6500000.0,40935.67251461988,1
Sheikh Zayed City,Lazurde,5,5500000.0,32352.941176470587,1
Hurghada,G Cribs,4,10562500.0,124899.19354838709,2
New Cairo City,Paradise,4,37250000.0,46014.526710403,2
Hay Awal El Montazah,Saraya,4,7600000.0,40661.742538438346,1
Hay Awal El Montazah,Unknown,4,4875000.0,22168.80341880342,1
6 October City,Gardenia Park,4,34000000.0,51876.13019891501,1
Borg El Arab City,New Borg Al Arab City   Marsa Matrouh Road,4,12275000.0,34978.497343789524,3
New Cairo City,Al Ashrafiya,4,7550000.0,44671.814671814675,1
6 October City,Touristic 1,4,4050000.0,25806.10021786492,1
Hay El Maadi,10th Sector,4,5600000.0,32125.307125307125,1
New Capital City,Lumia Residence,4,5788000.0,38968.452000000005,2
New Cairo City,Area D,4,8400000.0,34991.2739965096,1
Ras Sedr,Santa Claus,4,1575000.0,26250.0,1
New Cairo City,Amara,4,9028900.0,44243.75,2
Al Ain Al Sokhna,La Vista 1,4,9250000.0,66964.28571428571,2
Hurghada,Sabina,4,23950000.0,113571.42857142858,3
Ras Al Hekma,Jefaira Quayside,4,9375675.0,72159.0710668762,2
New Capital City,Scene 7,4,5750000.0,29670.205645161288,1
New Cairo City,El Yasmeen 5,4,7300000.0,33181.818181818184,1
New Cairo City,El Banafseg 5,4,33500000.0,67000.0,1
New Cairo City,El Yasmeen 3,4,8150000.0,35240.740740740745,1
Hurghada,North Bay,4,28750000.0,129000.0,1
New Cairo City,Maxim,4,32500000.0,48317.46031746032,1
Hurghada,Jamaran,4,22500000.0,91102.04081632654,2
Hay El Maadi,Street 232,4,8000000.0,38510.10101010101,2
6 October City,ECO West,4,1200000.0,15000.0,1
Hay El Maadi,Crystal Plaza,4,4450000.0,26703.296703296703,1
New Cairo City,District 2,4,11500000.0,31067.251461988304,3
Hay El Maadi,Street 9,4,5125000.0,51010.10101010101,1
Nasr City,Makram Ebeid St.,4,5750000.0,29951.07176141659,1
New Cairo City,Zizinia St.,4,4450000.0,29583.333333333336,1
6 October City,FLW,4,4066500.0,30893.829067372753,1
New Cairo City,Al Andalus Family,4,2775000.0,18783.333333333336,1
New Cairo City,2/2,4,4975000.0,25846.828609986507,1
New Cairo City,Katameya Residence,4,31000000.0,88809.52380952382,3
Shorouk City,Cleopatra Palace,4,8687500.0,46486.48648648649,2
Heliopolis - Masr El Gedida,Al Hegaz St.,4,6225000.0,31413.04347826087,1
Nasr City,Al Hadiqah Al Dawliyah,4,5350000.0,30819.256756756757,1
6 October City,Dar Masr 6 October,4,3500000.0,29961.53846153846,1
Mostakbal City - Future City,The City of Odyssia,4,4579200.0,28939.12238325282,1
Sheikh Zayed City,Sama Zayed,4,21750000.0,72380.95238095238,1
6 October City,Abha,4,8050000.0,34534.331550250514,3
Mokattam,Fountain Side,4,14250000.0,87807.88177339901,1
Mokattam,Golf Side,4,12087500.0,92600.74334898278,1
Shorouk City,2nd Neighborhood,4,3750000.0,20040.257648953302,1
Mostakbal City - Future City,IL Bosco City,4,7913500.0,52081.50498921251,2
Sheikh Zayed City,Elora,4,7249999.5,41182.69549304296,3
Sheikh Zayed City,De Joya,4,4300000.0,15636.363636363636,1
6 October City,Hay El Ashgar,4,4268000.0,33483.1853645413,1
6 October City,Green IV,4,14500000.0,78956.90696737816,2
Al Alamein,Marina 2,4,7750000.0,77916.66666666667,2
Al Ain Al Sokhna,La Vista 7,4,11100000.0,77333.33333333334,1
Sheikh Zayed City,Lake West 2,4,10400000.0,49848.90770216857,2
Al Ain Al Sokhna,La Vista 3,4,8212500.0,57783.15946348733,2
Hay Sharq,Grand View,4,9149000.0,49719.78021978022,1
Sheikh Zayed City,Lake West 4,4,12500000.0,64406.43560634539,3
6 October City,Hood 8 Side St.,4,14145000.0,51300.90909090909,3
6 October City,Boulevard Road,4,13026373.0,79645.46596596597,2
Marsa Matrouh,Unknown,3,1936000.0,42326.086956521736,1
Mokattam,Al Mokattam El Katameya Road,3,2275000.0,17500.0,1
Markaz Al Hamam,Bungalows North Coast,3,1999999.0,13698.623287671233,1
Hay El Maadi,Tijan,3,4500000.0,31034.48275862069,1
Mostakbal City - Future City,The Wonder Marq,3,10150000.0,48798.07692307692,2
Hay Sharq,Abdel Moneim Al Dalel St.,3,6500000.0,34210.52631578947,1
Mostakbal City - Future City,La Mirada El Mostakbal,3,16400000.0,48571.42857142857,2
Mostakbal City - Future City,Red,3,16140972.0,82000.0,2
Mostakbal City - Future City,The Butterfly,3,6500000.0,120000.0,2
Mokattam,Reyna,3,77500000.0,205479.45205479453,1
New Cairo City,Al Katameya Plaza,3,11500000.0,71875.0,1
New Cairo City,Al Diyar,3,70000000.0,70833.33333333333,2
Hay Sharq,Mohamed Fawzy Moaz St.,3,21000000.0,54200.54200542005,2
Hay Sharq,Kerdahy St.,3,8200000.0,41000.0,1
Hay Sharq,El Riada School St.,3,5000000.0,35238.09523809524,1
New Cairo City,Al Narges 8,3,11999999.0,33333.330555555556,2
Nasr City,Gardenia City Compound Nasr City,3,5500000.0,45833.333333333336,1
New Cairo City,Al Narges 3,3,11000000.0,36666.666666666664,2
Sheikh Zayed City,Bel Air Villas,3,29000000.0,102836.87943262412,3
6 October City,Royal Hills,3,47000000.0,67142.85714285714,2
Al Alamein,Marina 4,3,10000000.0,80000.0,2
Sheikh Zayed City,Al Mostakbal,3,2150000.0,30714.285714285714,1
Al Ain Al Sokhna,La Vista 5,3,7000000.0,63636.36363636364,1
6 October City,Palm Villa,3,3000000.0,8571.42857142857,1
Sheikh Zayed City,Dar Misr   Phase 2,3,4600000.0,35384.61538461538,1
6 October City,Waslet Dahshur Road,3,15720000.0,43425.414364640885,2
Markaz Al Hamam,Unknown,3,6500000.0,44000.0,2
Hurghada,Al Dau Heights,3,4236000.0,70000.0,1
Heliopolis - Masr El Gedida,Al Thawra St.,3,9500000.0,39583.333333333336,1
Heliopolis - Masr El Gedida,Almaza St.,3,4535000.0,44900.9900990099,1
Sheikh Zayed City,Moon Land,3,6500000.0,31707.317073170732,2
Sheikh Zayed City,Q-Hills,3,2000000.0,15000.0,2
6 October City,City View,3,19000000.0,64171.1229946524,3
6 October City,Astoria Park,3,4800000.0,23645.320197044333,1
Sheikh Zayed City,Lac ville,3,8250000.0,59770.11494252874,2
6 October City,Hood 7 Side St.,3,14108000.0,51300.0,2
6 October City,October Hills,3,32000000.0,36363.63636363636,1
New Cairo City,Golden Heights,3,30000000.0,55232.558139534885,1
6 October City,Beta Greens,3,4840000.0,35000.0,1
Hay El Maadi,Street 213,3,18000000.0,43010.75268817204,2
Hay El Maadi,Bavaria Town,3,6500000.0,29545.454545454544,1
Hay El Maadi,Degla View,3,4700000.0,20512.82051282051,2
Hay El Maadi,El Laselky,3,5750000.0,24444.44,1
New Cairo City,Mostafa Kamel Axis,3,7750000.0,35416.666666666664,1
New Cairo City,Notion New Cairo,3,6549000.0,55500.0,2
6 October City,Tesla Residence,3,3493140.0,30888.198757763974,1
New Capital City,City Oval,3,4224000.0,34200.0,1
New Cairo City,Rehab City Second Phase,3,5950000.0,64044.94382022472,2
New Cairo City,Seasons Residence,3,58000000.0,137500.0,1
New Cairo City,Palm East,3,6183750.0,63750.0,2
New Capital City,Havana Hills,3,4350000.0,29000.0,1
New Capital City,ION,3,6749179.0,32565.57207207207,1
New Capital City,Rivan,3,8133333.0,66666.66393442624,1
Ras Sedr,Paradise Ras Sudr,3,5500000.0,40740.74074074074,1
Al Ain Al Sokhna,Golf Bay Porto,3,1700000.0,28333.333333333332,1
New Cairo City,Valencia Valley,3,4494000.0,42857.142857142855,1
6 October City,Gardina Sun,3,3590000.0,23933.333333333332,1
Hay El Maadi,Street 198,3,6500000.0,31382.978723404256,1
Sheikh Zayed City,Sheikh Zayed Desert Road,3,8900000.0,39090.90909090909,3
6 October City,Diar 2,3,4620000.0,22361.11111111111,1
Sheikh Zayed City,Street 10,3,5100000.0,41414.14141414141,1
Shorouk City,VIVENS El Shorouk,3,18500000.0,55059.52380952381,1
Hay Sharq,Victor Ammanuel Square,3,6000000.0,36666.666666666664,1
Hurghada,Makadi Resort,3,6460000.0,66597.93814432989,1
Sheikh Zayed City,VAHA by Alkarma Developments,3,4500000.0,18145.16129032258,1
6 October City,Central Axis,3,3850000.0,22781.065088757397,1
6 October City,Brix,3,5400000.0,19708.029197080294,1
6 October City,Al Murooj,3,6200000.0,35428.57142857143,1
Hurghada,The View,3,7357350.0,80850.0,1
6 October City,Jiran Residence,3,4495000.0,31666.666666666668,1
Hay Sharq,Valore Smouha,3,9108000.0,46739.13043478261,1
Sheikh Zayed City,Isola Villas,2,10150000.0,35068.3207479324,1
New Cairo City,SAA'DA,2,4750000.0,73261.39088729017,1
6 October City,Princess,2,18500000.0,34715.686274509804,1
6 October City,Green Hills,2,35000000.0,74976.01918465228,1
Hay El Manial,Abd Al Aziz Aal Seoud St.,2,26051500.5,83826.83536436754,1
Hay Sharq,Abo Qir St.,2,3250000.0,26547.619047619046,1
Hay Masr El Kadima,Hilton Cairo Nile Maadi,2,14000000.0,100434.78260869565,1
New Cairo City,El Banafseg 10,2,6200000.0,28852.81385281385,1
New Cairo City,Riverton,2,16500000.0,81283.01886792452,2
New Cairo City,River Walk,2,32250000.0,50573.97959183673,1
New Cairo City,Rehab City Third Phase,2,6050000.0,52883.406662476424,1
6 October City,Hood 4 Side St.,2,6700000.0,63500.0,1
6 October City,Hood 2 St.,2,15125000.0,56641.29668780832,2
6 October City,Ramo Compound,2,4900000.0,32666.666666666668,1
Sheikh Zayed City,Street 13,2,7500000.0,45454.545454545456,1
Hay Awal El Montazah,Mahmoud Al Essawy St.,2,4025000.0,22140.151515151516,1
Hurghada,1st Avenue North Side,2,5087500.0,62861.41304347826,1
Heliopolis - Masr El Gedida,Valore El-Thawra,2,8400000.0,37178.57142857143,1
Heliopolis - Masr El Gedida,Sour Dar Al Defaa El Gawy St.,2,3770000.0,29000.0,1
Hay El Maadi,Darna,2,3950000.0,24100.0,1
New Cairo City,Rehab City Fifth Phase,2,5100000.0,56666.66666666667,1
New Cairo City,Al Amn Al Aam Compound,2,26625000.0,67219.29061037971,2
Hay Sharq,14th of May Bridge Road,2,6550000.0,42952.0697167756,1
Hay Sharq,Nady Smouha Al Riyadi St.,2,4825000.0,34242.957746478874,1
6 October City,Wadi Al Nakhil,2,9750000.0,26388.88888888889,1
6 October City,Al Hay Al Thalith St.,2,3100000.0,20666.666666666668,1
Hay Sharq,14th of May Bridge,2,6650000.0,36944.444444444445,1
New Cairo City,Central Park,2,43500000.0,87000.0,1
Sheikh Zayed City,Continental Residence,2,21500000.0,80192.92604501608,2
Sheikh Zayed City,Continental Gardens,2,16750000.0,65046.727214606726,2
Hay Sharq,Abdel Salam Aref St.,2,6650000.0,28026.923076923078,1
6 October City,Doctor Kamal Hamdi St.,2,3400000.0,24074.074074074073,1
Al Ain Al Sokhna,Bella Romance,2,5021000.0,68448.07692307692,1
Hurghada,Palm Hills,2,6722245.0,79113.24468085106,1
Sheikh Zayed City,Al Diplomaseen,2,28000000.0,33174.60317460318,2
Hay Sharq,Al Fath St.,2,3600000.0,23238.095238095237,1
New Cairo City,El Banafseg 11,2,8250000.0,37500.0,1
New Cairo City,El Banafseg 2,2,6450000.0,31488.095238095237,1
6 October City,Swan Lake October,2,14150000.0,63568.38905775076,2
El Nozha,Ammar Ibn Yasser St.,2,7575000.0,33592.682926829264,1
Hurghada,Mubarak 6,2,10050000.0,25350.877192982458,2
El Nozha,Heliopolis Square,2,4475000.0,36607.142857142855,1
New Cairo City,District 4,2,6050000.0,41285.94432942259,1
6 October City,Utopia,2,16750000.0,38884.46215139442,1
6 October City,31WEST,2,5250000.0,23009.077878643096,2
6 October City,Tiba Gardens,2,4253500.0,26959.09090909091,1
Hay El Maadi,Masaken Nerco St.,2,4950000.0,31634.146341463413,1
Hay El Maadi,Grand City,2,4850000.0,32333.333333333332,1
Hurghada,The Grand Resort,2,3690000.0,44000.0,1
10th of Ramadan City,Unknown,2,2000000.0,10122.282608695652,1
Hurghada,West Gulf,2,14900000.0,442045.45454545453,2
El Nozha,Unknown,2,5800000.0,25803.571428571428,1
Hurghada,Stella Makadi Gardens,2,19000000.0,110969.12432878977,2
New Cairo City,The Waterway Villas,2,46000000.0,95760.86956521739,2
New Cairo City,The Mornings,2,7750000.0,70454.54545454546,1
Hurghada,Fanadir Bay,2,42250000.0,151785.7142857143,2
6 October City,Al Nabatat St.,2,8400000.0,28000.0,1
New Cairo City,El Banafseg 1,2,11750000.0,31111.11111111111,2
Ras Al Hekma,Furl Jefaira,2,14250000.0,62904.858299595144,2
Hurghada,Selena Bay Resort,2,4820000.0,59623.655913978495,1
Al Ain Al Sokhna,Panorama,2,2325000.0,23842.105263157893,1
New Cairo City,Midtown East,2,14558598.5,47733.109836065574,1
North Coast Resorts,Unknown,2,12515337.5,98680.66287878787,2
New Cairo City,Gamal Abdel Nasser Axis,2,5155000.0,26862.06896551724,1
New Heliopolis,Korba Heights,2,4100000.0,23577.235772357722,2
New Cairo City,Gardenia Springs,2,20325000.0,41722.22222222222,2
New Cairo City,Zizinia Gardens,2,21175000.0,46956.10687022901,2
New Cairo City,Hayati Residence,2,9700000.0,54554.848966613674,1
New Cairo City,W Signature By Waterway,2,11640797.5,68779.41185795816,1
New Cairo City,El Banafseg 6,2,8875000.0,42215.90909090909,1
New Cairo City,El Banafseg 7,2,7250000.0,29020.979020979023,1
New Cairo City,Villino,2,20750000.0,66831.76019085158,1
New Cairo City,El Yasmeen 7,2,31400000.0,37127.551020408166,2
Sheikh Zayed City,Montania,2,18372687.5,62738.884320175435,1
Mostakbal City - Future City,Monark,2,8223150.0,49981.96581196581,1
Sheikh Zayed City,Lake West 3,2,8690000.0,105883.97790055249,2
Mostakbal City - Future City,Rosail City,2,5675000.0,40535.71428571429,1
New Capital City,Entrada,2,7279200.0,46646.360153256705,1
New Capital City,Elite Park,2,7864800.0,34215.79831932773,1
Mostakbal City - Future City,The Ridge,2,13501500.0,53685.54970972424,2
Heliopolis - Masr El Gedida,Abou Bakr Al Sedeek St.,2,5400000.0,31515.151515151512,1
New Capital City,La Capitale,2,6608250.0,38171.25,1
6 October City,Dara Gardens,2,15000000.0,59204.44033302498,1
Hurghada,Azzurra Resort,2,12500000.0,108552.51993891058,1
New Capital City,Menorca,2,4950000.0,45000.0,1
Garden City,Unknown,2,140250000.0,124098.41075794621,2
Ganoub El Giza,Morad  St.,2,7500000.0,38461.53846153846,1
Hay Sharq,Mohamed Bahaa Al Din Al Ghouri St.,2,13000000.0,34722.22222222222,2
Shorouk City,Granda Life,2,5600000.0,37121.21212121212,1
Shorouk City,Divina Gardens,2,13250000.0,49237.58865248227,2
Hay Sharq,Vee Muruj,2,21750000.0,83028.78631392177,2
El Nozha,Abdel Hamid Badawy St.,2,6125000.0,44444.44444444444,2
Hay Sharq,Tout Ankh Amoun St.,2,5750000.0,30729.166666666668,1
Hay Sharq,Valore Antoniades,2,5750000.0,35937.5,1
6 October City,Garana,2,52500000.0,52500.0,1
Marsa Alam,Oriental Coast,2,3575000.0,57930.67226890757,1
6 October City,Hood 6 Side St.,2,4475000.0,12210.39577994575,1
Mokattam,Alba Aliyah,2,44290000.0,157069.66178697627,1
Hay Sharq,New Smouha,2,6500000.0,31178.193286776303,2
Nasr City,Abdel Gawad Salem St.,2,7750000.0,23030.303030303032,1
Sheikh Zayed City,Jewar,2,6800000.0,57834.2844759084,1
Nasr City,Al Tayaran St.,2,6250000.0,32670.454545454544,1
6 October City,Lavida Al Bustan,2,8850000.0,36365.079365079364,2
6 October City,Kenz,2,5171500.0,33031.23973727422,1
Hay Than El Montazah,El Asafra Bahary,2,3450000.0,24738.186462324396,1
6 October City,Jubail,2,50800000.0,145142.85714285716,1
Nasr City,Abbas Al Akkad St.,2,9500000.0,38405.79710144928,1
Sheikh Zayed City,Montania Park,2,13614500.0,45668.30974095003,2
Sheikh Zayed City,Kanaria,2,5750000.0,26136.363636363632,1
Hay Sharq,Al Hilton St.,2,4250000.0,26136.363636363636,1
Hay El Maadi,7th Sector,2,6000000.0,32957.95795795796,1
Heliopolis - Masr El Gedida,Omar Ibn Al Khattab St.,2,12500000.0,40104.16666666667,1
New Capital City,De Joya,2,9741500.0,49233.16020646981,2
6 October City,Degla Gardens,2,3350000.0,25962.423312883435,1
Nasr City,Hassan Ma'moon St.,2,7150000.0,26875.0,1
New Cairo City,Al Sadat Axis,2,7750000.0,36093.07359307359,1
New Cairo City,Al Shabab St.,2,5000050.0,30030.400400400402,1
Hay Wasat,Al Geish Road,2,9250000.0,63793.10344827586,1
Hay Sharq,Albert Al Awal St.,2,13432917.5,55786.11957905775,1
Hay Al Amereyah,Unknown,2,8900000.0,23674.242424242424,2
Heliopolis - Masr El Gedida,Al Nozha St.,2,28000000.0,63392.857142857145,2
Hay Sharq,Al Nasr St.,2,3025000.0,23414.814814814818,1
Hay El Haram,Mariouteya Corridor,2,2150000.0,12222.222222222223,1
Heliopolis - Masr El Gedida,Hassan Sadek St.,2,11500000.0,39400.584795321636,1
Hay Sharq,Ibn Hokal St.,2,7125000.0,40590.11164274322,1
Hurghada,Grand Gate,2,2846000.0,37000.0,1
Hay Sharq,Kamal Eldin Salah St.,2,4425000.0,29780.355936021628,1
New Cairo City,Al Narges 1,2,6125000.0,29369.91869918699,1
6 October City,Aqmar,2,3150000.0,29416.666666666664,1
Hay Sharq,Khalil Mutran St.,2,4250000.0,29086.53846153846,1
New Cairo City,Area A,2,46500000.0,50833.333333333336,1
Heliopolis - Masr El Gedida,Al Merghany St.,2,11950000.0,30787.52642706131,1
Hurghada,Hurghada Hub,2,3242000.0,45264.36781609195,1
Hurghada,Grand Rock,2,3590000.0,54393.93939393939,1
Obour City,Al Obour Road,1,3142168.0,19887.13924050633,1
New Capital City,Suli Golf Residence,1,3657500.0,35168.269230769234,1
El Nozha,Al Shaheed Mostafa Shams El Deen St.,1,5000000.0,16666.666666666668,1
El Nozha,Ocean Blue Heliopolis,1,12000000.0,63829.78723404255,1
Hay El Maadi,Al Forsan City,1,2950000.0,24583.333333333332,1
New Capital City,The Capital Way,1,20800000.0,115555.55555555556,1
New Capital City,The Curve,1,9750000.0,34210.52631578947,1
El Nozha,Mohamed Kamel Hussein St.,1,4800000.0,22857.14285714286,1
El Nozha,Mahmoud Esmat Hamdy St.,1,8000000.0,38647.342995169085,1
El Nozha,Fareed Semeika St.,1,8500000.0,37777.77777777778,1
Sheikh Zayed City,T- Peral,1,20000000.0,83333.33333333333,1
New Capital City,The City,1,10000000.0,58823.529411764706,1
Sheikh Zayed City,Street 16,1,6250000.0,31250.0,1
6 October City,Yasmine compound,1,9500000.0,38000.0,1
Sheikh Zayed City,205,1,6319000.0,22648.745519713262,1
New Capital City,Ravie,1,3411360.0,25843.636363636364,1
6 October City,Gamal Abdel Nasser Axis,1,4500000.0,20361.990950226245,1
Obour City,High City,1,3200000.0,29090.909090909092,1
New Capital City,Pukka,1,5000000.0,44642.857142857145,1
Obour City,ORO Obour Compound,1,17000000.0,56291.39072847682,1
New Capital City,Moraya,1,4940000.0,27752.808988764045,1
Obour City,Okarida,1,3500000.0,24822.695035460994,1
New Capital City,Midtown Solo,1,30000000.0,37500.0,1
Obour City,Al Zohor St.,1,4415000.0,10034.09090909091,1
New Capital City,Midtown,1,25000000.0,83333.33333333333,1
Qesm Borg El Arab,Unknown,1,1300000.0,13684.21052631579,1
Ras Al Hekma,Ayla Jefaira,1,4000000.0,35714.28571428572,1
New Capital City,Tycoon Tower,1,13000000.0,206349.20634920636,1
6 October City,Beta Golf Residences,1,5650000.0,35312.5,1
El Nozha,Valore,1,2761292.0,18912.95890410959,1
New Capital City,Yaru new capital Compound,1,4000000.0,24844.72049689441,1
New Damietta,Unknown,1,5200000.0,26000.0,1
Sheikh Zayed City,The Gate Plaza Mall,1,3660000.0,30500.0,1
Hay El Maadi,50th Street,1,3800000.0,18095.238095238095,1
Hay El Maadi,6th Sector,1,8250000.0,48529.41176470588,1
New Heliopolis,Unknown,1,25000000.0,34153.00546448088,1
Al Ain Al Sokhna,La Vista 2,1,11550000.0,82500.0,1
New Capital City,Venia,1,8168580.0,38898.0,1
New Capital City,The Loft,1,6133508.0,36292.94674556213,1
New Mansoura,Unknown,1,5400000.0,41221.37404580152,1
Obour City,Al Mosheer Ahmed Ismail St.   El Obour Road,1,6500000.0,32500.0,1
Hay El Haram,Tersa Bridge,1,3000000.0,15000.0,1
Hurghada,Arabia Azur Resort,1,6231859.0,58241.67289719626,1
Shorouk City,Calimera,1,19000000.0,47500.0,1
Shorouk City,Andalusia,1,45000000.0,58139.53488372093,1
Heliopolis - Masr El Gedida,Al Nozha Bridge,1,4535000.0,44900.9900990099,1
Heliopolis - Masr El Gedida,Al Merghany Bridge,1,15750000.0,15750.0,1
6 October City,First Heights,1,29000000.0,87878.78787878787,1
Heliopolis - Masr El Gedida,Ahmed Al Shedyaq St.,1,12500000.0,30864.197530864196,1
Shorouk City,Panorama Al Shorouk,1,6000000.0,26086.956521739132,1
Shorouk City,Palm Island,1,5320000.0,32839.50617283951,1
El Nozha,Adly Kafafi St.,1,5750000.0,28750.0,1
Heliopolis - Masr El Gedida,Nabil Al Wakkad St.,1,3300000.0,27500.0,1
Shorouk City,Green Valley,1,14500000.0,34688.995215311006,1
Heliopolis - Masr El Gedida,Al Sayed Al Marghany St.,1,12500000.0,41666.666666666664,1
Heliopolis - Masr El Gedida,Al Orouba St.,1,14000000.0,29166.666666666668,1
10th of Ramadan City,Neighborhood 1,1,1450000.0,9062.5,1
Hurghada,Al Andalous Residence,1,6630000.0,66300.0,1
Hurghada,Abu Tig Marina,1,19500000.0,156000.0,1
Heliopolis - Masr El Gedida,Salah Al Din St.,1,6650000.0,31666.666666666668,1
6 October City,Ahmed Samy St.,1,4800000.0,28235.29411764706,1
6 October City,Neighborhood F,1,2550000.0,14571.42857142857,1
Shorouk City,Palencia Al Shorouk,1,7672020.0,46497.09090909091,1
6 October City,Italian Square,1,3990000.0,23750.0,1
6 October City,Isola,1,3012000.0,26654.867256637168,1
6 October City,Ishraqa,1,5800000.0,31351.35135135135,1
6 October City,Horus Compound,1,1700000.0,25000.0,1
6 October City,Le Jardin,1,6200000.0,18787.878787878788,1
6 October City,Lake Dream,1,10000000.0,29761.904761904763,1
6 October City,Junction,1,1200000.0,20000.0,1
Sheikh Zayed City,Menorca Zayed,1,3200000.0,64000.0,1
Sheikh Zayed City,Mar Ville,1,2500000.0,20833.333333333332,1
Shorouk City,French University Square,1,40000000.0,50000.0,1
Sheikh Zayed City,Zayed Greens Compound,1,15000000.0,300000.0,1
Shorouk City,3rd Neighborhood,1,3500000.0,17948.71794871795,1
Shorouk City,Al Hayah Residence,1,23000000.0,24390.243902439026,1
Shorouk City,Al Shorouk 2000,1,2900000.0,24166.666666666668,1
6 October City,Concordia,1,33000000.0,47142.857142857145,1
Shorouk City,Al Shorouk Road,1,4300000.0,11944.444444444445,1
Shorouk City,Al Shorouk Springs,1,25000000.0,55555.555555555555,1
Sheikh Zayed City,One 16,1,14800000.0,98666.66666666667,1
6 October City,Belong Villa Community,1,13200000.0,55696.20253164557,1
Shorouk City,Granda,1,8700000.0,45789.47368421053,1
Sheikh Zayed City,Zayard North Strike,1,16000000.0,52459.016393442624,1
6 October City,Al Thawra El Khadra,1,6100000.0,58095.23809523809,1
6 October City,Al Yasmine Greenland,1,30000000.0,37500.0,1
Sheikh Zayed City,Z4 Mall Janna Zayed,1,4600000.0,35384.61538461538,1
Sheikh Zayed City,Arkan Plaza,1,8000000.0,228571.42857142858,1
Sheikh Zayed City,Al Shabab St.,1,5600000.0,33532.934131736525,1
Sheikh Zayed City,Zayard,1,13000000.0,33333.333333333336,1
Sheikh Zayed City,Al Mohandes Ahmed Kamal Hamdy St.,1,5200000.0,25365.853658536584,1
Sheikh Zayed City,Al Guezira 4,1,21500000.0,71428.57142857143,1
Al Alamein,Marina 6,1,24000000.0,109090.90909090909,1
6 October City,National Project For Housing Fourth Region,1,1250000.0,13888.888888888889,1
6 October City,Street 11,1,1380000.0,13800.0,1
6 October City,Smart Village,1,2000000.0,10000.0,1
6 October City,Saba Residence,1,3609400.0,25598.58156028369,1
6 October City,River Residence,1,4342000.0,26000.0,1
Sheikh Zayed City,Belleville,1,23000000.0,47422.68041237113,1
6 October City,6th of October University Library St,1,29000000.0,193333.33333333334,1
6 October City,The Second Urban Area Road,1,3400000.0,22666.666666666668,1
6 October City,The Axis,1,5335000.0,28227.513227513227,1
6 October City,Tala,1,3100000.0,22794.117647058825,1
6 October City,Taawoniat Road,1,4000000.0,38095.23809523809,1
Sheikh Zayed City,Zayard Elite,1,16000000.0,52459.016393442624,1
6 October City,West Dunes,1,13500000.0,64285.71428571428,1
6 October City,West Courts,1,3000000.0,35294.117647058825,1
6 October City,Al Fardous City,1,3200000.0,16842.105263157893,1
6 October City,Vida Residence,1,2342000.0,23897.95918367347,1
6 October City,Rayhana Compound,1,20000000.0,52631.57894736842,1
6 October City,Park Valley Layan,1,7500000.0,28846.153846153848,1
6 October City,Al Megawra Al Sabaa St.,1,9000000.0,42857.142857142855,1
Sheikh Zayed City,IRA New Zayed,1,19500000.0,36448.59813084112,1
Sheikh Zayed City,Green Plaza 1,1,1000000.0,7142.857142857143,1
Al Ain Al Sokhna,Mountain View Al Sokhna 2,1,7000000.0,56000.0,1
6 October City,Al Mehwar Al Markazi,1,5500000.0,22000.0,1
Sheikh Zayed City,Doctor Ali Lotfy St.,1,3700000.0,29600.0,1
6 October City,Hood 3 St.,1,4000000.0,80000.0,1
6 October City,Hood 18 Side St.,1,7500000.0,28846.153846153848,1
6 October City,Hood 17 Side St.,1,7000000.0,19886.363636363636,1
6 October City,Green Ville,1,7000000.0,34825.87064676617,1
6 October City,Al Reem Residence,1,25000000.0,58004.640371229696,1
6 October City,Al Safwa,1,45000000.0,60810.81081081081,1
Al Alamein,Beachfront Towers,1,39600000.0,172925.76419213973,1
Al Ain Al Sokhna,Pyramids,1,3200000.0,33684.21052631579,1
Sheikh Zayed City,Etman St.,1,7500000.0,34090.90909090909,1
Nasr City,Nabil Khalil St.,1,4300000.0,21500.0,1
Nasr City,Masaken Zahraa Nasr City St.,1,2199999.0,25882.34117647059,1
Hurghada,Majra Hurghada,1,4556000.0,68000.0,1
Hay Sharq,Mostafa Maher St.,1,8500000.0,35416.666666666664,1
New Cairo City,Ahmed Moharam St.,1,6000000.0,30000.0,1
New Cairo City,Abo Mousa Al Ashaari St.,1,6800000.0,30909.090909090908,1
Nasr City,True,1,3500000.0,31818.18181818182,1
Nasr City,Omarat Al Saudeya St.,1,4200000.0,28000.0,1
Nasr City,Omarat Al Madfaaia St.,1,6000000.0,37500.0,1
New Cairo City,Al Narges 7,1,7000000.0,37837.83783783784,1
Hay El Maadi,Street 253,1,8000000.0,53333.333333333336,1
New Cairo City,Al Narges 4,1,45000000.0,64285.71428571428,1
Hurghada,Hayat Beach Front,1,2775000.0,75000.0,1
Hurghada,Hurghada Marina,1,9400000.0,58750.0,1
New Cairo City,Al masrawya,1,7200000.0,48000.0,1
New Cairo City,Al Yasmeen Square,1,8000000.0,21052.63157894737,1
Hay Than El Montazah,Unknown,1,2600000.0,26000.0,1
Hay Sharq,Al Kazino St.,1,2250000.0,22500.0,1
Hay Sharq,Al Horreya Road,1,6500000.0,43333.333333333336,1
Hay Sharq,Al Hedaya Mosque St.,1,10500000.0,47727.27272727273,1
Nasr City,Hosny Ahmed Khalaf,1,4000000.0,26666.666666666668,1
Hay Wasat,Abd Al Moaty Al Khail St.,1,4300000.0,33076.92307692308,1
New Cairo City,Al Narges 5,1,6200000.0,17714.285714285714,1
Hurghada,Jaz Makadina,1,14000000.0,80000.0,1
New Cairo City,Avelin,1,5100000.0,70833.33333333333,1
New Cairo City,Area E,1,7800000.0,39000.0,1
Hay El Maadi,Thirteenth Sector,1,6000000.0,27906.976744186046,1
Hurghada,Joubal Lagoon,1,27000000.0,108000.0,1
Hay El Maadi,Street 75,1,4500000.0,29032.25806451613,1
Hay El Maadi,Street 292,1,8000000.0,30188.67924528302,1
Hay El Maadi,Street 291,1,3500000.0,18918.91891891892,1
Hay El Maadi,Street 275,1,7000000.0,29166.666666666668,1
Hay El Maadi,Street 265,1,8000000.0,26666.666666666668,1
Nasr City,Nagy Essa Al Tahawy St.,1,4500000.0,28125.0,1
Hay Masr El Kadima,Abd Al Khaliq Saber Square,1,1250000.0,17857.14285714286,1
Hay Helwan,Helwan El-Balad,1,7000000.0,26923.076923076922,1
Hay El Zaytoun,Kobri Al Helmiya St.,1,1550000.0,12916.666666666666,1
Hay El Manial,Al Manial St.,1,17000000.0,121428.57142857143,1
Hurghada,Kafr Downtown,1,17600000.0,160000.0,1
Hay Sharq,Abo Egela St.,1,4000000.0,26666.666666666668,1
Hurghada,Lavanda Beach,1,5304000.0,52000.0,1
Hay Sharq,Abd Al Fattah El Taweel St.,1,4300000.0,24571.428571428572,1
Hay Masr El Kadima,Reve Du Nil,1,9061000.0,226525.0,1
Nasr City,Omar Ibn Al Khattab St.,1,5500000.0,29729.72972972973,1
Nasr City,Omar Hefny St.,1,4300000.0,20476.190476190477,1
Hay Masr El Kadima,Al Fostat St.,1,6500000.0,50000.0,1
Mostakbal City - Future City,Talda,1,12941000.0,47058.181818181816,1
Hay Than El Montazah,Al Geish Road,1,6700000.0,26800.0,1
Hay Than El Montazah,Corniche Al Maamoura,1,4650000.0,26420.454545454544,1
Nasr City,Ahmed Fakhry St.,1,3600000.0,65454.545454545456,1
Nasr City,Africa   Emtedad Moustafa Al Nahas,1,4600000.0,28750.0,1
Nasr City,Abou Dawoud Al Zahery St.,1,2850000.0,23750.0,1
Nasr City,Abd Al Aziz Talaat St.,1,7500000.0,27777.777777777777,1
Mostakbal City - Future City,Wood Walks,1,8250000.0,41457.28643216081,1
Nasr City,Emtedad Makram Ebeid St.,1,4500000.0,25000.0,1
Nasr City,Dr Mahmoud Fathy St.,1,5500000.0,25943.396226415094,1
Nasr City,Gamal Al Din Dewidar St.,1,12000000.0,26666.666666666668,1
Nasr City,Atiya Al Sawalhi St.,1,3200000.0,13333.333333333334,1
Nasr City,Al Sheikh Mohammed Al Nadi St.,1,5500000.0,27500.0,1
Nasr City,Al Sheikh Ahmed Elsawy St.,1,7000000.0,33333.333333333336,1
Hay Than El Montazah,Mostafa Kamel St.,1,1600000.0,14545.454545454546,1
Hay Sharq,Omar Al Mokhtar St.,1,3850000.0,22647.058823529413,1
Mokattam,Adly Al Meligy St.,1,3100000.0,22962.962962962964,1
Hay Sharq,Onees - Agatoon St.,1,3700000.0,15416.666666666666,1
Hay Sharq,Port Said St.,1,6500000.0,35135.13513513513,1
Hay Sharq,Roushdy St.,1,6500000.0,36516.85393258427,1
Hay Sharq,Tag Al Roasa St.,1,6800000.0,30222.222222222223,1
Hay Sharq,Sidi Gaber St.,1,5000000.0,38759.68992248062,1
Nasr City,Dr Abdallah Al Araby St.,1,5800000.0,36250.0,1
Hay Sharq,Antoniadis City Compound,1,7800000.0,41052.63157894737,1
Hay Sharq,Al Sayeda Amna St.,1,4000000.0,27586.206896551725,1
Hay Sharq,Al Safira Hoda Al Marasi St.,1,7500000.0,34090.90909090909,1
Hay Sharq,Al Mosheer Ahmed Ismail St.,1,2850000.0,23170.731707317074,1
Hay Sharq,Al Lewaa Abdel Tawab Hadeb St.,1,9500000.0,43181.818181818184,1
Hay Wasat,Al Khartoum Square,1,19500000.0,68421.05263157895,1
Hay Sharq,Ivory Muruj,1,8834000.0,52898.203592814374,1
Hay Sharq,Green Towers,1,5600000.0,32000.0,1
Hay Wasat,Ali Mostafa Mosharafa St.,1,11975000.0,52065.217391304344,1
Hay Sharq,Garden City Smouha St.,1,3100000.0,32978.72340425532,1
Hay Sharq,Winget st.,1,3500000.0,21212.121212121212,1
Hay Sharq,Mostafa Fahmy St.,1,11000000.0,38596.491228070176,1
Hay Sharq,Mostafa Abou Heif St.,1,4000000.0,33898.30508474576,1
Hay Wasat,Famous St.,1,2750000.0,22000.0,1
Hay Sharq,Mohamed Ahmed Afifi St.,1,10000000.0,51282.05128205128,1
Hay Sharq,Mahmoud Al Deeb St.,1,11000000.0,42801.556420233464,1
Hay Sharq,Madkhal Sharkt Al Nakhl Wa Al Handasa St.,1,16500000.0,68181.81818181818,1
Hay Wasat,Fouad St.,1,15000000.0,60000.0,1
Mokattam,Schools Road,1,7000000.0,29166.666666666668,1
Hay Wasat,Youssef Fahmy Othman St.,1,5400000.0,28421.052631578947,1
Mokattam,Hilltop Golf Villas,1,40941617.0,126363.01543209876,1
Heliopolis - Masr El Gedida,Abd Al Salam Farid St.,1,3200000.0,32000.0,1
Hay Sharq,Mostafa Kamel St.,1,6500000.0,27083.333333333332,1
Hay El Gomrok,Unknown,1,920000.0,20444.444444444445,1
6 October City,Golf Al Solimania,1,7500000.0,20833.333333333332,1
Hay Awal El Montazah,Street 16,1,2950000.0,22692.30769230769,1
6 October City,Green 6,1,5750000.0,39115.6462585034,1
Hay Awal El Montazah,Mohamed Naguib St.,1,1600000.0,18823.529411764706,1
Sheikh Zayed City,Rowaq Compound,1,14869050.0,75477.41116751269,1
New Cairo City,Palma Compound,1,30000000.0,93167.70186335404,1
New Cairo City,Palm Hills Village Avenue,1,3000000.0,27272.727272727272,1
New Cairo City,Om Kolthum Street,1,7000000.0,27450.980392156864,1
Hay El Maadi,Street 252,1,40000000.0,100000.0,1
New Cairo City,District 3,1,5500000.0,22916.666666666668,1
New Cairo City,Remas,1,7000000.0,40229.88505747126,1
6 October City,Elevation,1,3200000.0,64000.0,1
New Cairo City,Tiba Compound,1,35000000.0,46666.666666666664,1
New Cairo City,Talaat Harb Axis,1,4741000.0,32696.55172413793,1
New Cairo City,Sun City Gardens,1,5900000.0,42142.857142857145,1
New Cairo City,South Youth Housing,1,1800000.0,18947.36842105263,1
New Cairo City,Silver Palm,1,14000000.0,65727.69953051643,1
New Cairo City,Serena Heights,1,6300000.0,42000.0,1
6 October City,European Countryside,1,15000000.0,30000.0,1
New Capital City,Anakaji,1,5500000.0,84615.38461538461,1
6 October City,Fifty 7,1,5400000.0,19708.029197080294,1
New Cairo City,Sakan,1,7500000.0,37878.78787878788,1
El Nozha,Abdel Hamid Badawi St.,1,7000000.0,33333.333333333336,1
Downtown,Unknown,1,4000000.0,28985.507246376812,1
Borg El Arab City,Unknown,1,14700000.0,36567.164179104475,1
Alexandria Compounds,Solik Gardens,1,45000000.0,111111.11111111111,1
Al Salam City,Berket an Nasr,1,1600000.0,10000.0,1
6 October City,Gladios Garden,1,8000000.0,39800.99502487562,1
New Capital City,Green Avenue,1,3559420.0,29661.833333333332,1
New Capital City,Floria,1,6194000.0,38000.0,1
New Capital City,De Joya 2,1,4650000.0,29430.379746835442,1
Hay Al Agami,Alexandria Marsa Matrouh Road,1,9100000.0,66423.35766423358,1
Hay El Haram,El Arish,1,2500000.0,13888.888888888889,1
Ganoub El Giza,Al Maamoun  St.,1,7000000.0,31818.18181818182,1
Ganoub El Giza,Al Haram  St.,1,4000000.0,15936.25498007968,1
New Capital City,La Capitale Suite Lagoons,1,4800000.0,32000.0,1
Hay Awal El Montazah,Khalil Hamada St.,1,3750000.0,18750.0,1
Hay Awal El Montazah,Iskandar Ibrahim St.,1,2950000.0,17878.78787878788,1
Hay Awal El Montazah,Gamal Abdel Nasser Road,1,1900000.0,17272.727272727272,1
Hay Awal El Montazah,Ali Hiba St.,1,2200000.0,20000.0,1
Hay Awal El Montazah,Al Shahid Mohamed Youssef Ghaly St. (45 Previous),1,2100000.0,19626.168224299065,1
Hay Al Amereyah,Mohammed Rashid Road,1,12000000.0,28571.428571428572,1
Hay Al Amereyah,Alexandria Desert Road,1,7200000.0,20571.428571428572,1
Hay El Haram,El Talbia,1,2250000.0,15000.0,1
Hacienda,Unknown,1,5200000.0,25365.853658536584,1
Hay El Maadi,Street 160 B,1,8000000.0,26666.666666666668,1
New Cairo City,El Banafseg 4,1,6800000.0,34000.0,1
New Cairo City,El Banafseg 3,1,7950000.0,39750.0,1
Hay Sharq,Al Farek Ismail Srhank St.,1,16250000.0,25000.0,1
Hay Sharq,Al Ekbal St.,1,7200000.0,32727.272727272728,1
Hay Sharq,Ahmed Mohammed Al Adham St.,1,5700000.0,38000.0,1
New Cairo City,El Yasmeen 4,1,8750000.0,39772.72727272727,1
New Cairo City,El Yasmeen 1,1,6100000.0,36969.69696969697,1
New Cairo City,El Diplomaseen,1,6000000.0,20000.0,1
New Cairo City,El Banafseg 9,1,7500000.0,22727.272727272728,1
6 October City,Ard Gameyet Al Mostasmereen,1,1750000.0,12962.962962962964,1
New Cairo City,Grand Residence,1,15500000.0,54964.5390070922,1
Hurghada,Port Ghalib,1,2517500.0,26500.0,1
New Cairo City,Garden View,1,700000.0,23333.333333333332,1
Hurghada,Sea Light Arabia,1,3500000.0,44303.79746835443,1
New Cairo City,Mena Residence,1,18000000.0,68181.81818181818,1
New Cairo City,Leila,1,7200000.0,47058.82352941176,1
New Cairo City,La Vie,1,7000000.0,50724.637681159424,1
Hurghada,Jasmine Village,1,12870000.0,80437.5,1
New Cairo City,JW Marriott Hotel,1,11000000.0,132530.1204819277,1
New Cairo City,Home Residence,1,5380000.0,38985.50724637681,1
New Cairo City,Eden,1,19000000.0,121794.8717948718,1
Hurghada,Platinum Resort,1,7081250.0,70812.5,1
New Cairo City,Tolip El Narges,1,3700000.0,27407.40740740741,1
Hay El Maadi,Ashgar Darna,1,3250000.0,30092.59259259259,1
Hay El Maadi,Al Horreya Square,1,4800000.0,30000.0,1
Hay El Maadi,Al Golf St.,1,7500000.0,44117.64705882353,1
Hurghada,Shedwan Resort,1,26000000.0,184397.16312056736,1
New Cairo City,Nest Cairo,1,5250000.0,70000.0,1
New Cairo City,Mountain View Executive,1,15000000.0,47770.700636942674,1
New Cairo City,Moon Valley 2,1,29725000.0,108090.90909090909,1
Hay El Maadi,Grand Gate,1,4200000.0,30000.0,1
Hay El Maadi,Eighth Sector,1,4350000.0,24857.14285714286,1
Hurghada,Um Jamar,1,66000000.0,188571.42857142858,1
Hay El Maadi,Street 200,1,5650000.0,31388.88888888889,1
Hay El Maadi,Street 105,1,5500000.0,22000.0,1
Hay El Maadi,Street 10 B,1,4650000.0,28181.81818181818,1
Hay El Maadi,Rayhana Residence,1,8000000.0,30188.67924528302,1
Hay El Maadi,Misr Helwan Agriculture Road,1,3500000.0,23333.333333333332,1
Hay El Maadi,Maadi V,1,3200000.0,21768.7074829932,1
Hay El Maadi,Italian City Compound,1,4200000.0,25454.545454545456,1
Hay El Maadi,Street 251,1,21000000.0,58333.333333333336,1
Hay El Maadi,Street 233,1,6000000.0,40000.0,1
Hurghada,White Villas,1,37500000.0,375000.0,1
Hurghada,Zahabia Hotel & Beach Resort,1,2276640.0,36720.0,1
Hay El Maadi,Street 206,1,7250000.0,45312.5,1
Hay El Maadi,Street 153,1,3100000.0,18787.878787878788,1
